{
    "bible": "B\u00edblia Almeida Corrigida Fiel",
    "slug": "ACF",
    "lang": "pt-BR",
    "url_from": "https://biblias.com.br/acfonline",
    "scraping_date": "2024-06-05",
    "books": {
        "01": "G\u00eanesis",
        "02": "\u00caxodo",
        "03": "Lev\u00edtico",
        "04": "N\u00fameros",
        "05": "Deuteron\u00f4mio",
        "06": "Josu\u00e9",
        "07": "Ju\u00edzes",
        "08": "Rute",
        "09": "I Samuel",
        "10": "II Samuel",
        "11": "I Reis",
        "12": "II Reis",
        "13": "I Cr\u00f4nicas",
        "14": "II Cr\u00f4nicas",
        "15": "Esdras",
        "16": "Neemias",
        "17": "Ester",
        "18": "J\u00f3",
        "19": "Salmos",
        "20": "Prov\u00e9rbios",
        "21": "Eclesiastes",
        "22": "Cantares de Salom\u00e3o",
        "23": "Isa\u00edas",
        "24": "Jeremias",
        "25": "Lamenta\u00e7\u00f5es de Jeremias",
        "26": "Ezequiel",
        "27": "Daniel",
        "28": "Oseias",
        "29": "Joel",
        "30": "Am\u00f3s",
        "31": "Obadias",
        "32": "Jonas",
        "33": "Miqueias",
        "34": "Naum",
        "35": "Habacuque",
        "36": "Sofonias",
        "37": "Ageu",
        "38": "Zacarias",
        "39": "Malaquias",
        "40": "Mateus",
        "41": "Marcos",
        "42": "Lucas",
        "43": "Jo\u00e3o",
        "44": "Atos",
        "45": "Romanos",
        "46": "I Cor\u00edntios",
        "47": "II Cor\u00edntios",
        "48": "G\u00e1latas",
        "49": "Ef\u00e9sios",
        "50": "Filipenses",
        "51": "Colossenses",
        "52": "I Tessalonicenses",
        "53": "II Tessalonicenses",
        "54": "I Tim\u00f3teo",
        "55": "II Tim\u00f3teo",
        "56": "Tito",
        "57": "Filemom",
        "58": "Hebreus",
        "59": "Tiago",
        "60": "I Pedro",
        "61": "II Pedro",
        "62": "I Jo\u00e3o",
        "63": "II Jo\u00e3o",
        "64": "III Jo\u00e3o",
        "65": "Judas",
        "66": "Apocalipse"
    }
}